ID,Name,Group,Classification,Alternative_Names,Note
malay,Malay,,,,mala1479
cebuano,Cebuano,,,,cebu1242
buru,Buru,,,,buru1303
tagalog,Tagalog,,,,taga1270
maranao,Maranao,,,,mara1404
sangir,Sangir,,,,sang1336
tausug,Tausug,,,,taus1251
javanese,Javanese,,,,java1254
numfor,Numfor,,,,biak1248
aklanon,Aklanon,,,,akla1240
tobabatak,Toba Batak,,,,bata1289
wolio,Wolio,,,,woli1241
tubetube,Tubetube,,,,bwan1241
balangaw,Balangaw,,,,bala1310
larike,Larike,,,,lari1256
komodo,Komodo,,,,komo1261
manggarai,Manggarai,,,,mang1405
mor,Mor,IJ,,,morb1239
dusner,Dusner,IJ,,,dusn1237
waropen,Waropen,,,,waro1242
kuvalan,Kuvalan,Fma,,,kava1241
tolaki,Tolaki,WMP,,,tola1247
madurese,Madurese,WMP,,,nucl1460
sundanese,Sundanese,WMP,,,sund1252
tukangbesi,Tukang Besi,WMP,,,tuka1247
ngajudayak,Ngaju Dayak,WMP,,,ngaj1237
ilokano,Ilokano,WMP,,,ilok1237
selaru,Selaru,CMP,,,sela1259
asilulu,Asilulu,CMP,,,asil1242
chamorro,Chamorro,WMP,,,cham1312
boano,Boano,CMP,,,boan1243
nias,Nias,WMP,,,nias1242
sichule,Sichule,WMP,,,siku1242
bikol,Bikol,WMP,,,biko1240
hova,Hova,WMP,,,
isneg,Isneg,WMP,,,isna1241
taliabo,Taliabo,CMP,,,tali1262
buginese,Buginese,WMP,,,bugi1244
makassarese,Makassarese,WMP,,,maka1311
roti,Roti,CMP,,,
bajau,Bajau,WMP,,,
ujir,Ujir (Aru Is.),CMP,,,ujir1237
dobel,Dobel,CMP,,,dobe1238
kola,Kola,CMP,,,kola1285
ambonesemalay,Ambonese Malay,WMP,,,ambo1250
tonsea,Tonsea,WMP,,,tons1240
iban,Iban,WMP,,,iban1264
maloh,Maloh,WMP,,,emba1238
sika,Sika,WMP,,,sika1262
kankanay,Kankanay,WMP,,,kank1243
ivatan,Ivatan,WMP,,,ibat1238
gaddang,Gaddang,WMP,,,gadd1244
sasak,Sasak,WMP,,,sasa1249
snuaulu,S. Nuaulu,CMP,,,sout2895
laiyolo,Laiyolo,WMP,,,laiy1246
ilongot,Ilongot,WMP,,,ilon1239
uma,Uma,WMP,,,umaa1242
yapese,Yapese,Yap,,
emira,Emira,Adm,Admiralties [Adm] | St Matthias,,
mussau,Mussau,Adm,Admiralties [Adm] | St Matthias,,
aua,Aua,Adm,Admiralties [Adm] | Admiralties proper | Western Admiralties,,
seimat,Seimat,Adm,Admiralties [Adm] | Admiralties proper | Western Admiralties,Ninigo,= Ninigo
wuvulu,Wuvulu,Adm,Admiralties [Adm] | Admiralties proper | Western Admiralties,,
andra,Andra,Adm,Admiralties [Adm] | Admiralties proper | Eastern Admiralties | Manus,,
bipi,Bipi,Adm,Admiralties [Adm] | Admiralties proper | Eastern Admiralties | Manus,,
bohuai,Bohuai,Adm,Admiralties [Adm] | Admiralties proper | Eastern Admiralties | Manus,,
drehet,Drehet,Adm,Admiralties [Adm] | Admiralties proper | Eastern Admiralties | Manus,Khehek; Levei-Tulu; Ndrehet,"= Ndrehet, Khehek, Levei-Tulu"
ere,Ere,Adm,Admiralties [Adm] | Admiralties proper | Eastern Admiralties | Manus,,
koro,Koro,Adm,Admiralties [Adm] | Admiralties proper | Eastern Admiralties | Manus,,
lele,Lele,Adm,Admiralties [Adm] | Admiralties proper | Eastern Admiralties | Manus,,
likum,Likum,Adm,Admiralties [Adm] | Admiralties proper | Eastern Admiralties | Manus,,
loniu,Loniu,Adm,Admiralties [Adm] | Admiralties proper | Eastern Admiralties | Manus,,
mondropolon,Mondropolon,Adm,Admiralties [Adm] | Admiralties proper | Eastern Admiralties | Manus,,
nali,Nali,Adm,Admiralties [Adm] | Admiralties proper | Eastern Admiralties | Manus,,
nyindrou,Nyindrou,Adm,Admiralties [Adm] | Admiralties proper | Eastern Admiralties | Manus,,
ponam,Ponam,Adm,Admiralties [Adm] | Admiralties proper | Eastern Admiralties | Manus,,
titan,Titan,Adm,Admiralties [Adm] | Admiralties proper | Eastern Admiralties | Manus,,
baluan,Baluan,Adm,Admiralties [Adm] | Admiralties proper | Eastern Admiralties | South-East Admiralties,,
lou,Lou,Adm,Admiralties [Adm] | Admiralties proper | Eastern Admiralties | South-East Admiralties,,
nauna,Nauna,Adm,Admiralties [Adm] | Admiralties proper | Eastern Admiralties | South-East Admiralties,,
penchal,Penchal,Adm,Admiralties [Adm] | Admiralties proper | Eastern Admiralties | South-East Admiralties,,
bongo,Bongo,SJ,Western Oceanic | Sarmi/Jayapura [SJ] | Sarmi,,
sobei,Sobei,SJ,Western Oceanic | Sarmi/Jayapura [SJ] | Sarmi,,
tarpia,Tarpia,SJ,Western Oceanic | Sarmi/Jayapura [SJ] | Sarmi,,
bam,Bam,NNG,Western Oceanic | North New Guinea [NNG] | Schouten | ManamiKairiru,,
kaiep,Kaiep,NNG,Western Oceanic | North New Guinea [NNG] | Schouten | ManamiKairiru,,
kairiru,Kairiru,NNG,Western Oceanic | North New Guinea [NNG] | Schouten | ManamiKairiru,,
kis,Kis,NNG,Western Oceanic | North New Guinea [NNG] | Schouten | ManamiKairiru,,
manam,Manam,NNG,Western Oceanic | North New Guinea [NNG] | Schouten | ManamiKairiru,,
medebur,Medebur,NNG,Western Oceanic | North New Guinea [NNG] | Schouten | ManamiKairiru,,
wogeo,Wogeo,NNG,Western Oceanic | North New Guinea [NNG] | Schouten | ManamiKairiru,,
ali,Ali,NNG,Western Oceanic | North New Guinea [NNG] | Schouten | Siau,,
sissano,Sissano,NNG,Western Oceanic | North New Guinea [NNG] | Schouten | Siau,,
tumleo,Tumleo,NNG,Western Oceanic | North New Guinea [NNG] | Schouten | Siau,,
ulausuain,Ulau-Suain,NNG,Western Oceanic | North New Guinea [NNG] | Schouten | Siau,,
yabem,Yabem,NNG,Western Oceanic | North New Guinea [NNG] | Huon Gulf | North Huon Gulf,,
adzera,Adzera,NNG,Western Oceanic | North New Guinea [NNG] | Huon Gulf | Markham,,
labu,Labu,NNG,Western Oceanic | North New Guinea [NNG] | Huon Gulf | Markham,,
hote,Hote,NNG,Western Oceanic | North New Guinea [NNG] | Huon Gulf | South Huon Gulf,,
kaiwa,Kaiwa,NNG,Western Oceanic | North New Guinea [NNG] | Huon Gulf | South Huon Gulf,,
maposbuang,Mapos Buang,NNG,Western Oceanic | North New Guinea [NNG] | Huon Gulf | South Huon Gulf,,
numbami,Numbami,NNG,Western Oceanic | North New Guinea [NNG] | Huon Gulf | South Huon Gulf,,
patep,Patep,NNG,Western Oceanic | North New Guinea [NNG] | Huon Gulf | South Huon Gulf,,
vehes,Vehes,NNG,Western Oceanic | North New Guinea [NNG] | Huon Gulf | South Huon Gulf,,
bariai,Bariai,NNG,Western Oceanic | North New Guinea [NNG] | Ngero/Vitiaz | Ngero,,
gitua,Gitua,NNG,Western Oceanic | North New Guinea [NNG] | Ngero/Vitiaz | Ngero,,
kove,Kove,NNG,Western Oceanic | North New Guinea [NNG] | Ngero/Vitiaz | Ngero,,
malai,Malai,NNG,Western Oceanic | North New Guinea [NNG] | Ngero/Vitiaz | Ngero,,
malalamai,Malalamai,NNG,Western Oceanic | North New Guinea [NNG] | Ngero/Vitiaz | Ngero,,
mandok,Mandok,NNG,Western Oceanic | North New Guinea [NNG] | Ngero/Vitiaz | Ngero,,
mutu,Mutu,NNG,Western Oceanic | North New Guinea [NNG] | Ngero/Vitiaz | Ngero,,
tuam,Tuam,NNG,Western Oceanic | North New Guinea [NNG] | Ngero/Vitiaz | Ngero,,
bilibil,Bilibil,NNG,Western Oceanic | North New Guinea [NNG] | Ngero/Vitiaz | Bel,Bilbil,= Bilbil
bing,Bing,NNG,Western Oceanic | North New Guinea [NNG] | Ngero/Vitiaz | Bel,,
dami,Dami,NNG,Western Oceanic | North New Guinea [NNG] | Ngero/Vitiaz | Bel,,
gedaged,Gedaged,NNG,Western Oceanic | North New Guinea [NNG] | Ngero/Vitiaz | Bel,,
megiar,Megiar,NNG,Western Oceanic | North New Guinea [NNG] | Ngero/Vitiaz | Bel,,
mindiri,Mindiri,NNG,Western Oceanic | North New Guinea [NNG] | Ngero/Vitiaz | Bel,,
takia,Takia,NNG,Western Oceanic | North New Guinea [NNG] | Ngero/Vitiaz | Bel,,
wab,Wab,NNG,Western Oceanic | North New Guinea [NNG] | Ngero/Vitiaz | Bel,,
amara,Amara,NNG,Western Oceanic | North New Guinea [NNG] | Ngero/Vitiaz | Vitiaz Strait (areal grouping only),,
barim,Barim,NNG,Western Oceanic | North New Guinea [NNG] | Ngero/Vitiaz | Vitiaz Strait (areal grouping only),,
kilenge,Kilenge,NNG,Western Oceanic | North New Guinea [NNG] | Ngero/Vitiaz | Vitiaz Strait (areal grouping only),,
lukeppono,Lukep (pono),NNG,Western Oceanic | North New Guinea [NNG] | Ngero/Vitiaz | Vitiaz Strait (areal grouping only),Arop-Lokep,= Arop-Lokep
lukep,Lukep,NNG,Western Oceanic | North New Guinea [NNG] | Ngero/Vitiaz | Vitiaz Strait (areal grouping only),,
malasanga,Malasanga,NNG,Western Oceanic | North New Guinea [NNG] | Ngero/Vitiaz | Vitiaz Strait (areal grouping only),,
mangap,Mangap,NNG,Western Oceanic | North New Guinea [NNG] | Ngero/Vitiaz | Vitiaz Strait (areal grouping only),Kairnanga; Mangap-Mbula; Mbula,"= Mangap-Mbula, Kaimanga"
roinji,Roinji,NNG,Western Oceanic | North New Guinea [NNG] | Ngero/Vitiaz | Vitiaz Strait (areal grouping only),,
singorakai,Singorakai,NNG,Western Oceanic | North New Guinea [NNG] | Ngero/Vitiaz | Vitiaz Strait (areal grouping only),,
sio,Sio,NNG,Western Oceanic | North New Guinea [NNG] | Ngero/Vitiaz | Vitiaz Strait (areal grouping only),,
tami,Tami,NNG,Western Oceanic | North New Guinea [NNG] | Ngero/Vitiaz | Vitiaz Strait (areal grouping only),,
akolet,Akolet,NNG,Western Oceanic | North New Guinea [NNG] | Ngero/Vitiaz | Southwest New Britain,,
arawe,Arawe,NNG,Western Oceanic | North New Guinea [NNG] | Ngero/Vitiaz | Southwest New Britain,,
aria,Aria,NNG,Western Oceanic | North New Guinea [NNG] | Ngero/Vitiaz | Southwest New Britain,,
atui,Atui,NNG,Western Oceanic | North New Guinea [NNG] | Ngero/Vitiaz | Southwest New Britain,,
bebeli,Bebeli,NNG,Western Oceanic | North New Guinea [NNG] | Ngero/Vitiaz | Southwest New Britain,,
mangseng,Mangseng,NNG,Western Oceanic | North New Guinea [NNG] | Ngero/Vitiaz | Southwest New Britain,,
rauto,Rauto,NNG,Western Oceanic | North New Guinea [NNG] | Ngero/Vitiaz | Southwest New Britain,,
sengseng,Sengseng,NNG,Western Oceanic | North New Guinea [NNG] | Ngero/Vitiaz | Southwest New Britain,,
poeng,Poeng,NNG,Western Oceanic | North New Guinea [NNG] | Ngero/Vitiaz | Mengen family,,
uvol,Uvol,NNG,Western Oceanic | North New Guinea [NNG] | Ngero/Vitiaz | Mengen family,,
suau,Suau,PT,Western Oceanic | Papuan Tip [PT] | Nuclear Papuan Tip | Suauic,,
sariba,Sariba,PT,Western Oceanic | Papuan Tip [PT] | Nuclear Papuan Tip | Suauic,,"= Saliba, dialect of Suau"
anuki,Anuki,PT,Western Oceanic | Papuan Tip [PT] | Nuclear Papuan Tip | North Mainland/D'Entrecasteaux,,
kakabai,Kakabai,PT,Western Oceanic | Papuan Tip [PT] | Nuclear Papuan Tip | North Mainland/D'Entrecasteaux,,
gumawana,Gumawana,PT,Western Oceanic | Papuan Tip [PT] | Nuclear Papuan Tip | North Mainland/D'Entrecasteaux,Gumasi,= Gumasi
dobu,Dobu,PT,Western Oceanic | Papuan Tip [PT] | Nuclear Papuan Tip | North Mainland/D'Entrecasteaux | Dobu/Duau,,
duau,Duau,PT,Western Oceanic | Papuan Tip [PT] | Nuclear Papuan Tip | North Mainland/D'Entrecasteaux | Dobu/Duau,,
sewabay,Sewa Bay,PT,Western Oceanic | Papuan Tip [PT] | Nuclear Papuan Tip | North Mainland/D'Entrecasteaux | Dobu/Duau,,
bwaidoga,Bwaidoga,PT,Western Oceanic | Papuan Tip [PT] | Nuclear Papuan Tip | North Mainland/D'Entrecasteaux | Bwaidoga,,
iduna,Iduna,PT,Western Oceanic | Papuan Tip [PT] | Nuclear Papuan Tip | North Mainland/D'Entrecasteaux | Bwaidoga,,= dialect of Bwaidoga?
kalokalo,Kalokalo,PT,Western Oceanic | Papuan Tip [PT] | Nuclear Papuan Tip | North Mainland/D'Entrecasteaux | Bwaidoga,,
molima,Molima,PT,Western Oceanic | Papuan Tip [PT] | Nuclear Papuan Tip | North Mainland/D'Entrecasteaux | Bwaidoga,,
are,Are,PT,Western Oceanic | Papuan Tip [PT] | Nuclear Papuan Tip | North Mainland/D'Entrecasteaux | Are/Taupota,,
arifama,Arifama,PT,Western Oceanic | Papuan Tip [PT] | Nuclear Papuan Tip | North Mainland/D'Entrecasteaux | Are/Taupota,,
gapapaiwa,Gapapaiwa,PT,Western Oceanic | Papuan Tip [PT] | Nuclear Papuan Tip | North Mainland/D'Entrecasteaux | Are/Taupota,Paiwa,= Paiwa
minaveha,Minaveha,PT,Western Oceanic | Papuan Tip [PT] | Nuclear Papuan Tip | North Mainland/D'Entrecasteaux | Are/Taupota,Kukuya,= Kukuya
tawala,Tawala,PT,Western Oceanic | Papuan Tip [PT] | Nuclear Papuan Tip | North Mainland/D'Entrecasteaux | Are/Taupota,,
ubir,Ubir,PT,Western Oceanic | Papuan Tip [PT] | Nuclear Papuan Tip | North Mainland/D'Entrecasteaux | Are/Taupota,,
wedau,Wedau,PT,Western Oceanic | Papuan Tip [PT] | Nuclear Papuan Tip | North Mainland/D'Entrecasteaux | Are/Taupota,,
misima,Misima,PT,Western Oceanic | Papuan Tip [PT] | Kilivila/Misima,,
kilivila,Kilivila,PT,Western Oceanic | Papuan Tip [PT] | Kilivila/Misima | Kilivila,Kiriwina,= Kiriwina
muyuw,Muyuw,PT,Western Oceanic | Papuan Tip [PT] | Kilivila/Misima | Kilivila,,
nimoa,Nimoa,PT,Western Oceanic | Papuan Tip [PT] | Nimoa/Sudest,,
sudest,Sudest,PT,Western Oceanic | Papuan Tip [PT] | Nimoa/Sudest,,
balawaia,Balawaia,PT,Western Oceanic | Papuan Tip [PT] | Central Papuan,,= dialect of Sinaugoro
gabadi,Gabadi,PT,Western Oceanic | Papuan Tip [PT] | Central Papuan,,
hula,Hula,PT,Western Oceanic | Papuan Tip [PT] | Central Papuan,Keapara,= dialect of Keapara
aroma,Aroma,PT,Western Oceanic | Papuan Tip [PT] | Central Papuan,,= dialect of Keapara
kuni,Kuni,PT,Western Oceanic | Papuan Tip [PT] | Central Papuan,,
lala,Lala,PT,Western Oceanic | Papuan Tip [PT] | Central Papuan,'Ala'ala; Nara; Pokau,"= Nara, 'Ala'ala, Pokau"
magori,Magori,PT,Western Oceanic | Papuan Tip [PT] | Central Papuan,,
maopa,Maopa,PT,Western Oceanic | Papuan Tip [PT] | Central Papuan,Keapara,= dialect of Keapara
motu,Motu,PT,Western Oceanic | Papuan Tip [PT] | Central Papuan,,
roro,Roro,PT,Western Oceanic | Papuan Tip [PT] | Central Papuan,,
sinaugoro,Sinaugoro,PT,Western Oceanic | Papuan Tip [PT] | Central Papuan,,
taboro,Taboro,PT,Western Oceanic | Papuan Tip [PT] | Central Papuan,,= dialect of Sinaugoro
bali,Bali,MM,Western Oceanic | Meso-Melanesian [MM] | Bali- Vitu,,
vitu,Vitu,MM,Western Oceanic | Meso-Melanesian [MM] | Bali- Vitu,,
bola,Bola,MM,Western Oceanic | Meso-Melanesian [MM] | Willaumez,,
bola,Bola (Harua),MM,Western Oceanic | Meso-Melanesian [MM] | Willaumez,,= dilect of Bola
bulu,Bulu,MM,Western Oceanic | Meso-Melanesian [MM] | Willaumez,,
meramera,Meramera,MM,Western Oceanic | Meso-Melanesian [MM] | Willaumez,,
nakanai,Nakanai,MM,Western Oceanic | Meso-Melanesian [MM] | Willaumez,Lakalai,= Lakalai
karaeast,Kara (East),MM,Western Oceanic | Meso-Melanesian [MM] | New Ireland/Northwest Solomonic | TungaglNalik family,,
karawest,Kara (West),MM,Western Oceanic | Meso-Melanesian [MM] | New Ireland/Northwest Solomonic | TungaglNalik family,,
lavongai,Lavongai,MM,Western Oceanic | Meso-Melanesian [MM] | New Ireland/Northwest Solomonic | TungaglNalik family,,
nalik,Nalik,MM,Western Oceanic | Meso-Melanesian [MM] | New Ireland/Northwest Solomonic | TungaglNalik family,,
tiang,Tiang,MM,Western Oceanic | Meso-Melanesian [MM] | New Ireland/Northwest Solomonic | TungaglNalik family,,
tigak,Tigak,MM,Western Oceanic | Meso-Melanesian [MM] | New Ireland/Northwest Solomonic | TungaglNalik family,,
lihir,Lihir,MM,Western Oceanic | Meso-Melanesian [MM] | New Ireland/Northwest Solomonic | Tabar linkage,,
notsi,Notsi,MM,Western Oceanic | Meso-Melanesian [MM] | New Ireland/Northwest Solomonic | Tabar linkage,,
tabar,Tabar,MM,Western Oceanic | Meso-Melanesian [MM] | New Ireland/Northwest Solomonic | Tabar linkage,,
barok,Barok,MM,Western Oceanic | Meso-Melanesian [MM] | New Ireland/Northwest Solomonic | Madak linkage,,
lamasong,Lamasong,MM,Western Oceanic | Meso-Melanesian [MM] | New Ireland/Northwest Solomonic | Madak linkage,,
madak,Madak,MM,Western Oceanic | Meso-Melanesian [MM] | New Ireland/Northwest Solomonic | Madak linkage,,
bilur,Bilur,MM,Western Oceanic | Meso-Melanesian [MM] | New Ireland/Northwest Solomonic | St George linkage | South New Ireland,,
kandas,Kandas,MM,Western Oceanic | Meso-Melanesian [MM] | New Ireland/Northwest Solomonic | St George linkage | South New Ireland,,
konomala,Konomala,MM,Western Oceanic | Meso-Melanesian [MM] | New Ireland/Northwest Solomonic | St George linkage | South New Ireland,,
label,Label,MM,Western Oceanic | Meso-Melanesian [MM] | New Ireland/Northwest Solomonic | St George linkage | South New Ireland,,
minigir,Minigir,MM,Western Oceanic | Meso-Melanesian [MM] | New Ireland/Northwest Solomonic | St George linkage | South New Ireland,,
patpatar,Patpatar,MM,Western Oceanic | Meso-Melanesian [MM] | New Ireland/Northwest Solomonic | St George linkage | South New Ireland,,
ramoaaina,Ramoaaina,MM,Western Oceanic | Meso-Melanesian [MM] | New Ireland/Northwest Solomonic | St George linkage | South New Ireland,Duke of York,= Duke of York
siar,Siar,MM,Western Oceanic | Meso-Melanesian [MM] | New Ireland/Northwest Solomonic | St George linkage | South New Ireland,,
sursurunga,Sursurunga,MM,Western Oceanic | Meso-Melanesian [MM] | New Ireland/Northwest Solomonic | St George linkage | South New Ireland,,
tangga,Tangga,MM,Western Oceanic | Meso-Melanesian [MM] | New Ireland/Northwest Solomonic | St George linkage | South New Ireland,Tanga,= Tanga
tolai,Tolai,MM,Western Oceanic | Meso-Melanesian [MM] | New Ireland/Northwest Solomonic | St George linkage | South New Ireland,Kuanua; Raluana; Tuna,"= Kuanua, Raluana, Tuna"
banoni,Banoni,MM,Western Oceanic | Meso-Melanesian [MM] | New Ireland/Northwest Solomonic | St George linkage | Northwest Solomonic linkage,,
hahon,Hahon,MM,Western Oceanic | Meso-Melanesian [MM] | New Ireland/Northwest Solomonic | St George linkage | Northwest Solomonic linkage | Nehan/North Bougainville,,
halia,Halia,MM,Western Oceanic | Meso-Melanesian [MM] | New Ireland/Northwest Solomonic | St George linkage | Northwest Solomonic linkage | Nehan/North Bougainville,Haku; Hanahan; Selau; Halia (Selau); Halia (Haku),"= Hanahan, Halia (Haku, Halia"
nehan,Nehan,MM,Western Oceanic | Meso-Melanesian [MM] | New Ireland/Northwest Solomonic | St George linkage | Northwest Solomonic linkage | Nehan/North Bougainville,,= Nissan
petats,Petats,MM,Western Oceanic | Meso-Melanesian [MM] | New Ireland/Northwest Solomonic | St George linkage | Northwest Solomonic linkage | Nehan/North Bougainville,,
solos,Solos,MM,Western Oceanic | Meso-Melanesian [MM] | New Ireland/Northwest Solomonic | St George linkage | Northwest Solomonic linkage | Nehan/North Bougainville,,
taiof,Taiof,MM,Western Oceanic | Meso-Melanesian [MM] | New Ireland/Northwest Solomonic | St George linkage | Northwest Solomonic linkage | Nehan/North Bougainville,,
teop,Teop,MM,Western Oceanic | Meso-Melanesian [MM] | New Ireland/Northwest Solomonic | St George linkage | Northwest Solomonic linkage | Nehan/North Bougainville,,
tinputz,Tinputz,MM,Western Oceanic | Meso-Melanesian [MM] | New Ireland/Northwest Solomonic | St George linkage | Northwest Solomonic linkage | Nehan/North Bougainville,,
monoalu,Mono-Alu,MM,Western Oceanic | Meso-Melanesian [MM] | New Ireland/Northwest Solomonic | St George linkage | Northwest Solomonic linkage | Mono-Alu/Torau,,
torau,Torau,MM,Western Oceanic | Meso-Melanesian [MM] | New Ireland/Northwest Solomonic | St George linkage | Northwest Solomonic linkage | Mono-Alu/Torau,,
babatana,Babatana,MM,Western Oceanic | Meso-Melanesian [MM] | New Ireland/Northwest Solomonic | St George linkage | Northwest Solomonic linkage | Choiseul,,
ririo,Ririo,MM,Western Oceanic | Meso-Melanesian [MM] | New Ireland/Northwest Solomonic | St George linkage | Northwest Solomonic linkage | Choiseul,,
sisiqa,Sisiqa,MM,Western Oceanic | Meso-Melanesian [MM] | New Ireland/Northwest Solomonic | St George linkage | Northwest Solomonic linkage | Choiseul,Sengga,= Sengga
vaghua,Vaghua,MM,Western Oceanic | Meso-Melanesian [MM] | New Ireland/Northwest Solomonic | St George linkage | Northwest Solomonic linkage | Choiseul,,
varisi,Varisi,MM,Western Oceanic | Meso-Melanesian [MM] | New Ireland/Northwest Solomonic | St George linkage | Northwest Solomonic linkage | Choiseul,,
hoava,Hoava,MM,Western Oceanic | Meso-Melanesian [MM] | New Ireland/Northwest Solomonic | St George linkage | Northwest Solomonic linkage | New Georgia,,
nduke,Nduke,MM,Western Oceanic | Meso-Melanesian [MM] | New Ireland/Northwest Solomonic | St George linkage | Northwest Solomonic linkage | New Georgia,,
roviana,Roviana,MM,Western Oceanic | Meso-Melanesian [MM] | New Ireland/Northwest Solomonic | St George linkage | Northwest Solomonic linkage | New Georgia,,
simbo,Simbo,MM,Western Oceanic | Meso-Melanesian [MM] | New Ireland/Northwest Solomonic | St George linkage | Northwest Solomonic linkage | New Georgia,,
ngl,"New Georgia language (unspecified) (Haddon 1937: 104, 106)",MM,Western Oceanic | Meso-Melanesian [MM] | New Ireland/Northwest Solomonic | St George linkage | Northwest Solomonic linkage | New Georgia,,
kia,Kia,MM,Western Oceanic | Meso-Melanesian [MM] | New Ireland/Northwest Solomonic | St George linkage | Northwest Solomonic linkage | Ysabel,,
laghu,Laghu,MM,Western Oceanic | Meso-Melanesian [MM] | New Ireland/Northwest Solomonic | St George linkage | Northwest Solomonic linkage | Ysabel,,
maringe,Maringe,MM,Western Oceanic | Meso-Melanesian [MM] | New Ireland/Northwest Solomonic | St George linkage | Northwest Solomonic linkage | Ysabel,Cheke Holo; Hograno,"= Cheke Holo, Hograno"
bugotu,Bugotu,SES,Eastern Oceanic | Southeast Solomonic [SES] | Bugotu/Gela/Guadalcanal,,
gela,Gela,SES,Eastern Oceanic | Southeast Solomonic [SES] | Bugotu/Gela/Guadalcanal | Gela/Guadalcanal,,
lengo,Lengo,SES,Eastern Oceanic | Southeast Solomonic [SES] | Bugotu/Gela/Guadalcanal | Gela/Guadalcanal,,
ghari,Ghari,SES,Eastern Oceanic | Southeast Solomonic [SES] | Bugotu/Gela/Guadalcanal | Gela/Guadalcanal,,
malango,Malango,SES,Eastern Oceanic | Southeast Solomonic [SES] | Bugotu/Gela/Guadalcanal | Gela/Guadalcanal,,
talise,Talise,SES,Eastern Oceanic | Southeast Solomonic [SES] | Bugotu/Gela/Guadalcanal | Gela/Guadalcanal,,
tolo,Tolo,SES,Eastern Oceanic | Southeast Solomonic [SES] | Bugotu/Gela/Guadalcanal | Gela/Guadalcanal,,
westguadalcanal,West Guadalcanal,SES,Eastern Oceanic | Southeast Solomonic [SES] | Bugotu/Gela/Guadalcanal | Gela/Guadalcanal,W. Guad.,
longgu,Longgu,SES,Eastern Oceanic | Southeast Solomonic [SES] | Bugotu/Gela/Guadalcanal | Longgu/Malaita/Makira,,
areare,'Are'are,SES,Eastern Oceanic | Southeast Solomonic [SES] | Bugotu/Gela/Guadalcanal | Longgu/Malaita/Makira | Malaita/Makira,,
arosi,Arosi,SES,Eastern Oceanic | Southeast Solomonic [SES] | Bugotu/Gela/Guadalcanal | Longgu/Malaita/Makira | Malaita/Makira,E. Arosi,
baegu,Baegu,SES,Eastern Oceanic | Southeast Solomonic [SES] | Bugotu/Gela/Guadalcanal | Longgu/Malaita/Makira | Malaita/Makira,,
bauro,Bauro,SES,Eastern Oceanic | Southeast Solomonic [SES] | Bugotu/Gela/Guadalcanal | Longgu/Malaita/Makira | Malaita/Makira,,
fagani,Fagani,SES,Eastern Oceanic | Southeast Solomonic [SES] | Bugotu/Gela/Guadalcanal | Longgu/Malaita/Makira | Malaita/Makira,,
kwai,Kwai,SES,Eastern Oceanic | Southeast Solomonic [SES] | Bugotu/Gela/Guadalcanal | Longgu/Malaita/Makira | Malaita/Makira,,
kwaio,Kwaio,SES,Eastern Oceanic | Southeast Solomonic [SES] | Bugotu/Gela/Guadalcanal | Longgu/Malaita/Makira | Malaita/Makira,,
lau,Lau,SES,Eastern Oceanic | Southeast Solomonic [SES] | Bugotu/Gela/Guadalcanal | Longgu/Malaita/Makira | Malaita/Makira,,
saa,Sa'a,SES,Eastern Oceanic | Southeast Solomonic [SES] | Bugotu/Gela/Guadalcanal | Longgu/Malaita/Makira | Malaita/Makira,,
toabaita,To'aba'ita,SES,Eastern Oceanic | Southeast Solomonic [SES] | Bugotu/Gela/Guadalcanal | Longgu/Malaita/Makira | Malaita/Makira,,
ulawa,Ulawa,SES,Eastern Oceanic | Southeast Solomonic [SES] | Bugotu/Gela/Guadalcanal | Longgu/Malaita/Makira | Malaita/Makira,,
ambae,Ambae,NCV,"Eastern Oceanic | North/Central Vanuatu [NCV] (groupings are areal, based on Clark 1994) | Banks & Torres, Maewo, Ambae, North Pentecost",Aoba; N. E. Aoba,= N. E. Aoba
hiw,Hiw,NCV,"Eastern Oceanic | North/Central Vanuatu [NCV] (groupings are areal, based on Clark 1994) | Banks & Torres, Maewo, Ambae, North Pentecost",,
mota,Mota,NCV,"Eastern Oceanic | North/Central Vanuatu [NCV] (groupings are areal, based on Clark 1994) | Banks & Torres, Maewo, Ambae, North Pentecost",,
raga,Raga,NCV,"Eastern Oceanic | North/Central Vanuatu [NCV] (groupings are areal, based on Clark 1994) | Banks & Torres, Maewo, Ambae, North Pentecost",,
marino,Marino,NCV,"Eastern Oceanic | North/Central Vanuatu [NCV] (groupings are areal, based on Clark 1994) | Banks & Torres, Maewo, Ambae, North Pentecost",Sunwadia,= Sunwadia
fortsenal,Fortsenal,NCV,"Eastern Oceanic | North/Central Vanuatu [NCV] (groupings are areal, based on Clark 1994) | Espiritu Santo",,
kiai,Kiai,NCV,"Eastern Oceanic | North/Central Vanuatu [NCV] (groupings are areal, based on Clark 1994) | Espiritu Santo",,
tamambo,Tamambo,NCV,"Eastern Oceanic | North/Central Vanuatu [NCV] (groupings are areal, based on Clark 1994) | Espiritu Santo",Malo,= Malo
tangoa,Tangoa,NCV,"Eastern Oceanic | North/Central Vanuatu [NCV] (groupings are areal, based on Clark 1994) | Espiritu Santo",,
tasiriki,Tasiriki,NCV,"Eastern Oceanic | North/Central Vanuatu [NCV] (groupings are areal, based on Clark 1994) | Espiritu Santo",,
wusi,Wusi,NCV,"Eastern Oceanic | North/Central Vanuatu [NCV] (groupings are areal, based on Clark 1994) | Espiritu Santo",,
atchin,Atchin,NCV,"Eastern Oceanic | North/Central Vanuatu [NCV] (groupings are areal, based on Clark 1994) | Afalekula",,
bignambas,Big Nambas,NCV,"Eastern Oceanic | North/Central Vanuatu [NCV] (groupings are areal, based on Clark 1994) | Afalekula",,
labo,Labo,NCV,"Eastern Oceanic | North/Central Vanuatu [NCV] (groupings are areal, based on Clark 1994) | Afalekula",,
mae,Mae,NCV,"Eastern Oceanic | North/Central Vanuatu [NCV] (groupings are areal, based on Clark 1994) | Afalekula",,
portsandwich,Port Sandwich,NCV,"Eastern Oceanic | North/Central Vanuatu [NCV] (groupings are areal, based on Clark 1994) | Afalekula",,
uripiv,Uripiv,NCV,"Eastern Oceanic | North/Central Vanuatu [NCV] (groupings are areal, based on Clark 1994) | Afalekula",,
lewo,Lewo,NCV,"Eastern Oceanic | North/Central Vanuatu [NCV] (groupings are areal, based on Clark 1994) | South Pentecost, Ambrym, Paama, Epi",,
lonwolwol,Lonwolwol,NCV,"Eastern Oceanic | North/Central Vanuatu [NCV] (groupings are areal, based on Clark 1994) | South Pentecost, Ambrym, Paama, Epi",,
paamese,Paamese,NCV,"Eastern Oceanic | North/Central Vanuatu [NCV] (groupings are areal, based on Clark 1994) | South Pentecost, Ambrym, Paama, Epi",,
seambrym,S.E. Ambrym,NCV,"Eastern Oceanic | North/Central Vanuatu [NCV] (groupings are areal, based on Clark 1994) | South Pentecost, Ambrym, Paama, Epi",,
namakir,Namakir,NCV,"Eastern Oceanic | North/Central Vanuatu [NCV] (groupings are areal, based on Clark 1994) | Efate-Shepherds",Namakura,= Namakura
nguna,Nguna,NCV,"Eastern Oceanic | North/Central Vanuatu [NCV] (groupings are areal, based on Clark 1994) | Efate-Shepherds",,
southefate,South Efate,NCV,"Eastern Oceanic | North/Central Vanuatu [NCV] (groupings are areal, based on Clark 1994) | Efate-Shepherds",,
anejom,Anejom,SV,Eastern Oceanic | South Vanuatu [SV],Aneityum,= Aneityurn
kwamera,Kwamera,SV,Eastern Oceanic | South Vanuatu [SV],,
lenakel,Lenakel,SV,Eastern Oceanic | South Vanuatu [SV],,
ntanna,N. Tanna,SV,Eastern Oceanic | South Vanuatu [SV],,
swtanna,S.W. Tanna,SV,Eastern Oceanic | South Vanuatu [SV],,
sye,Sye,SV,Eastern Oceanic | South Vanuatu [SV],Eromango; Sie,"= Sie, Erornango"
ura,Ura,SV,Eastern Oceanic | South Vanuatu [SV],,
fwai,Fwai,NCal,Eastern Oceanic | New Caledonia [NCal] | New Caledonia proper,,
pije,Pije,NCal,Eastern Oceanic | New Caledonia [NCal] | New Caledonia proper,,
pwapwa,Pwapwa,NCal,Eastern Oceanic | New Caledonia [NCal] | New Caledonia proper,,
nemi,Nemi,NCal,Eastern Oceanic | New Caledonia [NCal] | New Caledonia proper,,
nyelayu,Nyelâyu,NCal,Eastern Oceanic | New Caledonia [NCal] | New Caledonia proper,,
xaracuu,Xârâcùù,NCal,Eastern Oceanic | New Caledonia [NCal] | New Caledonia proper,,
dehu,Dehu,NCal,Eastern Oceanic | New Caledonia [NCal] | Loyalties,,
nengone,Nengone,NCal,Eastern Oceanic | New Caledonia [NCal] | Loyalties,,
carolinian,Carolinian,Mic,Eastern Oceanic | Nuclear Micronesian [Mic],,
kiribatese,Kiribatese,Mic,Eastern Oceanic | Nuclear Micronesian [Mic],Gilbertese; Kiribati,"= Kiribati, Gilbertese"
kosraean,Kosraean,Mic,Eastern Oceanic | Nuclear Micronesian [Mic],Kusaeian,= Kusaeian
marshallese,Marshallese,Mic,Eastern Oceanic | Nuclear Micronesian [Mic],,
mokilese,Mokilese,Mic,Eastern Oceanic | Nuclear Micronesian [Mic],,
mortlockese,Mortlockese,Mic,Eastern Oceanic | Nuclear Micronesian [Mic],,
ponapean,Ponapean,Mic,Eastern Oceanic | Nuclear Micronesian [Mic],,
puluwatese,Puluwatese,Mic,Eastern Oceanic | Nuclear Micronesian [Mic],Puluwat,
satawalese,Satawalese,Mic,Eastern Oceanic | Nuclear Micronesian [Mic],,
trukese,Trukese,Mic,Eastern Oceanic | Nuclear Micronesian [Mic],,
ulithian,Ulithian,Mic,Eastern Oceanic | Nuclear Micronesian [Mic],Ulithi,
woleaian,Woleaian,Mic,Eastern Oceanic | Nuclear Micronesian [Mic],,
rotuman,Rotuman,Fij,Eastern Oceanic | Central Pacific [Fij and Pn],,
nadroga,Nadroga,Fij,Eastern Oceanic | Central Pacific [Fij and Pn] | Western Fijian,,
wayan,Wayan,Fij,Eastern Oceanic | Central Pacific [Fij and Pn] | Western Fijian,,
yasawa,Yasawa,Fij,Eastern Oceanic | Central Pacific [Fij and Pn] | Western Fijian,,
bauanfijian,Bauan,Fij,Eastern Oceanic | Central Pacific [Fij and Pn] | Eastern Fijian,Fijian; Standard Fijian,= Standard Fijian
boumaa,Boumaa,Fij,Eastern Oceanic | Central Pacific [Fij and Pn] | Eastern Fijian,,
niuean,Niuean,Pn,Eastern Oceanic | Central Pacific [Fij and Pn] | Polynesian (subgrouping based on Marck forthcoming) | Tongic,,
tongan,Tongan,Pn,Eastern Oceanic | Central Pacific [Fij and Pn] | Polynesian (subgrouping based on Marck forthcoming) | Tongic,,
anutan,Anutan,Pn,Eastern Oceanic | Central Pacific [Fij and Pn] | Polynesian (subgrouping based on Marck forthcoming) | Nuclear Polynesian,,
eastuvean,East Uvean,Pn,Eastern Oceanic | Central Pacific [Fij and Pn] | Polynesian (subgrouping based on Marck forthcoming) | Nuclear Polynesian,E. Uvean,
eastfutunan,East Futunan,Pn,Eastern Oceanic | Central Pacific [Fij and Pn] | Polynesian (subgrouping based on Marck forthcoming) | Nuclear Polynesian,E. Futunan,
pukapukan,Pukapukan,Pn,Eastern Oceanic | Central Pacific [Fij and Pn] | Polynesian (subgrouping based on Marck forthcoming) | Nuclear Polynesian,,
rennellese,Rennellese,Pn,Eastern Oceanic | Central Pacific [Fij and Pn] | Polynesian (subgrouping based on Marck forthcoming) | Nuclear Polynesian,,
tikopia,Tikopia,Pn,Eastern Oceanic | Central Pacific [Fij and Pn] | Polynesian (subgrouping based on Marck forthcoming) | Nuclear Polynesian,,
westuvean,West Uvean,Pn,Eastern Oceanic | Central Pacific [Fij and Pn] | Polynesian (subgrouping based on Marck forthcoming) | Nuclear Polynesian,W. Uvean,
westfutunan,West Futunan,Pn,Eastern Oceanic | Central Pacific [Fij and Pn] | Polynesian (subgrouping based on Marck forthcoming) | Nuclear Polynesian,Futuna-Aniwa; W. Futunan,= Futuna-Aniwa
ifiramele,Ifira-Mele,Pn,Eastern Oceanic | Central Pacific [Fij and Pn] | Polynesian (subgrouping based on Marck forthcoming) | Nuclear Polynesian,Mele-Fila,= Mele-Fila
emae,Emae,Pn,Eastern Oceanic | Central Pacific [Fij and Pn] | Polynesian (subgrouping based on Marck forthcoming) | Nuclear Polynesian,,
samoan,Samoan,Pn,Eastern Oceanic | Central Pacific [Fij and Pn] | Polynesian (subgrouping based on Marck forthcoming) | Nuclear Polynesian | Samoan/Ellicean/Eastern Polynesian,,
kapingamarangi,Kapingamarangi,Pn,Eastern Oceanic | Central Pacific [Fij and Pn] | Polynesian (subgrouping based on Marck forthcoming) | Nuclear Polynesian | Samoan/Ellicean/Eastern Polynesian | Ellicean/Eastern Polynesian | Ellicean,,
luangiua,Luangiua,Pn,Eastern Oceanic | Central Pacific [Fij and Pn] | Polynesian (subgrouping based on Marck forthcoming) | Nuclear Polynesian | Samoan/Ellicean/Eastern Polynesian | Ellicean/Eastern Polynesian | Ellicean,,
nanumean,Nanumean,Pn,Eastern Oceanic | Central Pacific [Fij and Pn] | Polynesian (subgrouping based on Marck forthcoming) | Nuclear Polynesian | Samoan/Ellicean/Eastern Polynesian | Ellicean/Eastern Polynesian | Ellicean,,dialect of Tuvalu
nukuoro,Nukuoro,Pn,Eastern Oceanic | Central Pacific [Fij and Pn] | Polynesian (subgrouping based on Marck forthcoming) | Nuclear Polynesian | Samoan/Ellicean/Eastern Polynesian | Ellicean/Eastern Polynesian | Ellicean,,
nukuria,Nukuria,Pn,Eastern Oceanic | Central Pacific [Fij and Pn] | Polynesian (subgrouping based on Marck forthcoming) | Nuclear Polynesian | Samoan/Ellicean/Eastern Polynesian | Ellicean/Eastern Polynesian | Ellicean,,
takuu,Takuu,Pn,Eastern Oceanic | Central Pacific [Fij and Pn] | Polynesian (subgrouping based on Marck forthcoming) | Nuclear Polynesian | Samoan/Ellicean/Eastern Polynesian | Ellicean/Eastern Polynesian | Ellicean,,
tokelauan,Tokelauan,Pn,Eastern Oceanic | Central Pacific [Fij and Pn] | Polynesian (subgrouping based on Marck forthcoming) | Nuclear Polynesian | Samoan/Ellicean/Eastern Polynesian | Ellicean/Eastern Polynesian | Ellicean,Tokelau; Tokelauanan,
tuvalu,Tuvalu,Pn,Eastern Oceanic | Central Pacific [Fij and Pn] | Polynesian (subgrouping based on Marck forthcoming) | Nuclear Polynesian | Samoan/Ellicean/Eastern Polynesian | Ellicean/Eastern Polynesian | Ellicean,Ellicean,= Ellicean
rapanui,Rapanui,Pn,Eastern Oceanic | Central Pacific [Fij and Pn] | Polynesian (subgrouping based on Marck forthcoming) | Nuclear Polynesian | Samoan/Ellicean/Eastern Polynesian | Ellicean/Eastern Polynesian | Eastern Polynesian,Easter Island,= Easter Island
hawaiian,Hawaiian,Pn,Eastern Oceanic | Central Pacific [Fij and Pn] | Polynesian (subgrouping based on Marck forthcoming) | Nuclear Polynesian | Samoan/Ellicean/Eastern Polynesian | Ellicean/Eastern Polynesian | Eastern Polynesian | Central Eastern Polynesian | Marquesic,,
mangareva,Mangareva,Pn,Eastern Oceanic | Central Pacific [Fij and Pn] | Polynesian (subgrouping based on Marck forthcoming) | Nuclear Polynesian | Samoan/Ellicean/Eastern Polynesian | Ellicean/Eastern Polynesian | Eastern Polynesian | Central Eastern Polynesian | Marquesic,,
marquesan,Marquesan,Pn,Eastern Oceanic | Central Pacific [Fij and Pn] | Polynesian (subgrouping based on Marck forthcoming) | Nuclear Polynesian | Samoan/Ellicean/Eastern Polynesian | Ellicean/Eastern Polynesian | Eastern Polynesian | Central Eastern Polynesian | Marquesic,,
manihiki,Manihiki,Pn,Eastern Oceanic | Central Pacific [Fij and Pn] | Polynesian (subgrouping based on Marck forthcoming) | Nuclear Polynesian | Samoan/Ellicean/Eastern Polynesian | Ellicean/Eastern Polynesian | Eastern Polynesian | Central Eastern Polynesian | Tahitic,,
maori,Maori,Pn,Eastern Oceanic | Central Pacific [Fij and Pn] | Polynesian (subgrouping based on Marck forthcoming) | Nuclear Polynesian | Samoan/Ellicean/Eastern Polynesian | Ellicean/Eastern Polynesian | Eastern Polynesian | Central Eastern Polynesian | Tahitic,,
rapa,Rapa,Pn,Eastern Oceanic | Central Pacific [Fij and Pn] | Polynesian (subgrouping based on Marck forthcoming) | Nuclear Polynesian | Samoan/Ellicean/Eastern Polynesian | Ellicean/Eastern Polynesian | Eastern Polynesian | Central Eastern Polynesian | Tahitic,,
rarotongan,Rarotongan,Pn,Eastern Oceanic | Central Pacific [Fij and Pn] | Polynesian (subgrouping based on Marck forthcoming) | Nuclear Polynesian | Samoan/Ellicean/Eastern Polynesian | Ellicean/Eastern Polynesian | Eastern Polynesian | Central Eastern Polynesian | Tahitic,,
tahitian,Tahitian,Pn,Eastern Oceanic | Central Pacific [Fij and Pn] | Polynesian (subgrouping based on Marck forthcoming) | Nuclear Polynesian | Samoan/Ellicean/Eastern Polynesian | Ellicean/Eastern Polynesian | Eastern Polynesian | Central Eastern Polynesian | Tahitic,,
tongareva,Tongareva,Pn,Eastern Oceanic | Central Pacific [Fij and Pn] | Polynesian (subgrouping based on Marck forthcoming) | Nuclear Polynesian | Samoan/Ellicean/Eastern Polynesian | Ellicean/Eastern Polynesian | Eastern Polynesian | Central Eastern Polynesian | Tahitic,Penrhyn; Tongarevan,= Penrhyn
tuamotuan,Tuamotuan,Pn,Eastern Oceanic | Central Pacific [Fij and Pn] | Polynesian (subgrouping based on Marck forthcoming) | Nuclear Polynesian | Samoan/Ellicean/Eastern Polynesian | Ellicean/Eastern Polynesian | Eastern Polynesian | Central Eastern Polynesian | Tahitic,,
